coluna,dtype_csv,n_unicos,ausentes_pct
srcip,object,21,0.0
sport,float64,16506,0.959127631631313
dstip,object,44,0.0
dsport,float64,6764,0.959127631631313
proto,object,4,0.0
state,object,3,34.98626974967166
dur,float64,20953,34.98626974967166
sbytes,float64,1244,34.60421061010069
dbytes,float64,3266,34.60421061010069
service,object,12,68.70497870816253
Sload,float64,21220,34.98626974967166
Dload,float64,13067,34.98626974967166
Spkts,float64,171,34.60421061010069
Dpkts,float64,202,34.60421061010069
smeansz,float64,1381,34.60421061010069
dmeansz,float64,3405,34.60421061010069
trans_depth,object,6,65.79376766028575
res_bdy_len,object,3417,65.79376766028575
Stime,object,32675,34.60421061010069
Ltime,object,32672,34.98626974967166
synack,object,1,39.36801050662634
ackdat,object,1,71.50873562303498
is_sm_ips_ports,int64,1,0.0
ct_state_ttl,object,5,39.36801050662634
Label,int8,2,0.0
