coluna,Benigno (0),Ataque (1)
srcip,0.0,0.0
sport,0.15791373398303554,1.591313634745461
dstip,0.0,0.0
dsport,0.15791373398303554,1.591313634745461
proto,0.0,0.0
state,74.07507670095652,4.1438234247063015
dur,74.07507670095652,4.1438234247063015
sbytes,74.02995849124707,3.4959060163759346
dbytes,74.02995849124707,3.4959060163759346
service,40.77332611441978,90.7440370238519
Sload,74.07507670095652,4.1438234247063015
Dload,74.07507670095652,4.1438234247063015
Spkts,74.02995849124707,3.4959060163759346
Dpkts,74.02995849124707,3.4959060163759346
smeansz,74.02995849124707,3.4959060163759346
dmeansz,74.02995849124707,3.4959060163759346
trans_depth,26.028695181375205,97.16981132075472
res_bdy_len,26.028695181375205,97.16981132075472
Stime,74.02995849124707,3.4959060163759346
Ltime,74.07507670095652,4.1438234247063015
synack,75.01804728388377,11.23887504449982
ackdat,75.01804728388377,68.73976504093984
is_sm_ips_ports,0.0,0.0
ct_state_ttl,75.01804728388377,11.23887504449982
