row_id_csv,grupo,label_real,label_previsto,probabilidade_ataque,tipo_resultado
15,19,0,1,0.7989430662391244,FP
18,19,0,1,0.7989430662391244,FP
19,31100,0,1,0.8852157243736098,FP
146,27412,0,0,0.05738445649535745,TN
151,27417,0,0,0.05738445649535745,TN
152,27417,0,0,0.02468829829256732,TN
26286,19,1,1,0.7989430662391244,TP
26288,31232,1,1,0.9508161700780382,TP
26291,31366,1,1,0.7634351078628177,TP
26415,23372,1,0,0.05738445649535745,FN
26419,23385,1,0,0.05738445649535745,FN
26422,23394,1,0,0.05738445649535745,FN
